# nproc, nthreads, time

1,1,35.121189,
1,1,19.714633,
1,1,14.329428,
1,1,12.148376,
1,1,13.352799,
1,1,13.006778,
1,1,12.575440,
1,1,12.351702,
